Classifier,Accuracy,Precision,Recall,F1_Score
Logistic Regression Anomaly Classifier,0.9700805523590333,0.8333333333333334,0.29411764705882354,0.43478260869565216
