Model,Train_R2,Train_MSE,MSE,RMSE,MAE,R2_Score,Overfitting_Detected
Decision Tree,0.9950354693206414,5078.48282097104,23592.78322208758,153.5994245499884,111.22539756875665,0.9773702929501453,NO
Gradient Boosting,0.9963294135808038,3754.838327474159,10294.827643304578,101.46343007854888,78.14537979840739,0.9901254154075971,NO
Linear Regression,0.9913809376604399,8816.897880463679,8977.769550057505,94.75109260614099,73.85617607434324,0.9913887101421461,NO
Random Forest,0.9975793898472786,2476.1710362624012,11984.911876958155,109.47562229536837,81.5876786207828,0.9885043217563253,NO
Xgboost,0.9960099286038844,4081.6565247289495,10252.949351162884,101.25684841610904,77.77354445550742,0.9901655841945517,NO
