Model,Train_R2,Train_MSE,MSE,RMSE,MAE,R2_Score,Overfitting_Detected
Decision Tree,0.9950354693206414,5078.48282097104,22405.59088794576,149.68497215133442,109.56871571860955,0.9785090231491458,NO
Gradient Boosting,0.9963294135808038,3754.83832747416,10304.168578900015,101.50945068760846,78.15944486330314,0.9901164557764206,NO
Linear Regression,0.9913434697433658,8855.225808215118,8991.503923031198,94.82354097496675,73.99112738773161,0.9913755364171989,NO
Random Forest,0.9975755992029097,2480.0486882602954,11910.14131957855,109.13359390938498,81.498256718629,0.9885760401200947,NO
Ridge Regression,0.9913276757028724,8871.382373356917,9043.021636174153,95.09480341308958,74.10577074845376,0.9913261216980737,NO
Xgboost,0.9960099286038844,4081.6565247289495,10252.949351162884,101.25684841610904,77.77354445550742,0.9901655841945517,NO
